{"cameraMode":{"drawMode":0,"name":"Shaded","section":"Shading Mode"},"sceneLighting":false,"audioPlay":false,"sceneViewState":{"m_AlwaysRefresh":false,"showFog":true,"showSkybox":false,"showFlares":true,"showImageEffects":true,"showParticleSystems":true,"showVisualEffectGraphs":true,"m_FxEnabled":true},"in2DMode":false,"pivot":{"x":-0.7428017854690552,"y":2.764385938644409,"z":-3.7752716541290285},"rotation":{"x":0.1407785415649414,"y":-0.03630377724766731,"z":0.0049133882857859139,"w":0.9895370602607727},"size":1.2339746952056885,"orthographic":false}