{"cameraMode":{"drawMode":0,"name":"Shaded","section":"Shading Mode"},"sceneLighting":false,"audioPlay":false,"sceneViewState":{"m_AlwaysRefresh":false,"showFog":true,"showSkybox":false,"showFlares":true,"showImageEffects":true,"showParticleSystems":true,"showVisualEffectGraphs":true,"m_FxEnabled":false},"in2DMode":false,"pivot":{"x":-22.073240280151368,"y":1.2309068441390992,"z":-21.91292381286621},"rotation":{"x":-0.014730432070791722,"y":-0.9850351810455322,"z":0.15664666891098023,"w":-0.07254205644130707},"size":4.6739325523376469,"orthographic":false}